"user_id","thread_id","createdAt"
admin,f9e3e9d2-ec62-44bf-9c38-f40026554fa3,"2025-07-26T07:14:55.532114Z"
admin,"9d6ccd9d-4f52-4214-8177-9ef9591acf59","2025-07-26T07:14:45.379500Z"
admin,d84e5b41-d274-403a-8964-bbbb597b62be,"2025-07-26T02:51:38.822286Z"
admin,"08d8d46d-c345-4976-9b58-3a7e7e098906","2025-07-25T09:57:48.745238Z"
admin,a12218b0-2c1c-4c4b-bd77-d879ee655e57,"2025-07-25T09:56:52.183207Z"
admin,f66da552-a9e9-486b-97d3-e18b46603743,"2025-07-25T02:53:07.223185Z"
admin,b7094bde-d763-459c-a654-9329a5a84ca5,"2025-07-25T01:43:30.267099Z"
admin,"686d69c3-e288-4ef8-bbfb-cb28d429b0d2","2025-07-24T18:51:17.468637Z"
admin,"40e9fda8-b22f-4926-83d3-844d86aeae2f","2025-07-24T18:48:21.580168Z"
admin,"17f71818-d3a8-4bea-83b7-6cb3227ae676","2025-07-24T17:47:07.775673Z"
admin,"899046cf-29af-4f72-af18-a839d4d3de02","2025-07-24T17:30:27.307237Z"
admin,"226c7ea0-1acb-4eed-9a99-6acb815eb64f","2025-07-24T17:15:59.646552Z"
admin,"518caad8-2e22-4bcc-ba26-d0fa020e3a8e","2025-07-24T16:54:59.009246Z"
admin,ef097cbe-af95-4c93-8ad0-c60a08683c62,"2025-07-24T16:53:51.606935Z"
User_1,caeea93c-4e12-4329-a9df-22c4d7b362ae,"2025-07-25T02:14:22.182106Z"
User_10,"51f6550f-dfbd-4c9c-b41c-4f2048a3b448","2025-07-25T08:23:46.021145Z"
User_10,"6c973aef-9291-4000-9537-ba5066d6aea2","2025-07-25T08:14:08.142844Z"
User_10,"6c3ef1ac-92ed-4b48-bec0-e423a43f6de3","2025-07-25T08:13:25.173863Z"
User_10,c6f9e205-cb0d-44e0-941b-f6371c6e534f,"2025-07-25T08:09:58.916168Z"
User_10,"37e69afb-4f0b-44b7-b953-17c80efe9729","2025-07-25T08:09:48.126180Z"
User_10,"84ab0db4-9a84-41d4-90cd-5db9d1dec6fe","2025-07-25T07:50:06.696520Z"
User_10,abc9b434-708a-4b0c-8881-e59448303b9a,"2025-07-25T07:28:57.099729Z"
User_10,a7148001-5f62-4d7e-ad28-45c3a61e7f6b,"2025-07-25T07:26:29.437436Z"
User_10,cc690519-724e-4112-a951-984be2189bf6,"2025-07-25T07:20:29.391636Z"
User_10,"5301f099-ca3d-434e-9708-6715d4b299c5","2025-07-25T07:17:13.495685Z"
User_10,"08df4daa-ffa0-4810-8823-920f201307f0","2025-07-25T06:48:03.596165Z"
User_10,f8168624-8aec-4ece-9918-2e98c7f2cc1b,"2025-07-25T06:43:29.160775Z"
User_10,"8b99ac11-0dd9-4cd8-a4d3-33dabed37a0d","2025-07-25T06:26:55.384708Z"
User_10,"662ff0d9-a16c-4c16-9389-fc596400bbe1","2025-07-25T06:22:31.578109Z"
User_10,"1e061727-d99a-4042-bff1-815dc17c3277","2025-07-25T02:39:27.873481Z"
User_11,"25894857-85dc-43c1-a89e-b74905a6f259","2025-07-25T13:21:32.865394Z"
User_12,fbede99b-bb4f-4c8d-8fe5-ba12a15c0361,"2025-07-25T03:43:53.248273Z"
User_12,"08351c08-863f-4952-9acb-a0b32624c368","2025-07-25T02:54:32.415801Z"
User_12,"8103b7cb-4f93-4712-960c-98198d80457f","2025-07-25T02:49:37.000269Z"
User_12,"7b9c1233-6d39-4b3e-94b2-d369293339e1","2025-07-25T02:41:55.813606Z"
User_12,"52f23aa5-bc86-479e-91b8-b8ead6219460","2025-07-25T02:37:11.503207Z"
User_13,b186f4c5-97b1-4fa8-a705-3ff53630a2fa,"2025-07-25T07:03:22.737783Z"
User_13,d6d48615-fa9a-4a59-bff7-311626162147,"2025-07-25T02:40:05.208460Z"
User_13,"9f1db6b4-2103-4caa-bb5a-e52b17ccd02a","2025-07-25T02:37:51.892734Z"
User_14,"5aefef9d-fd39-46c9-a96a-7e1e92bdf0f6","2025-07-25T08:47:41.435875Z"
User_14,"2657ad59-bf04-46c9-be39-af5d067778f1","2025-07-25T08:40:54.594884Z"
User_14,cfe8dc3f-87fa-430b-8c2a-08ea588d3b9e,"2025-07-25T08:38:47.043966Z"
User_14,"03876bab-7287-4e53-bac8-b74454429e1b","2025-07-25T08:38:15.680495Z"
User_14,dc489e17-082e-43f4-90b3-06b0594dc43b,"2025-07-25T07:18:59.288695Z"
User_14,b05d1be8-a29e-4433-a61a-eebfd3e3b550,"2025-07-25T06:25:45.600812Z"
User_14,"0ac19aef-6807-4cc7-a7fc-9e698c7d5773","2025-07-25T04:38:27.860686Z"
User_14,"3804af0e-1687-480a-b150-b0bf78b1075a","2025-07-25T04:36:52.800519Z"
User_14,b2f2a4eb-2cf2-4ba0-bc03-8fd44a74dc9e,"2025-07-25T04:28:13.752545Z"
User_16,dffc6083-407a-45fd-8174-ff5b4eb09cd7,"2025-07-25T03:13:07.089192Z"
User_18,edd28059-dd0a-4889-b292-470e4ca5e2b3,"2025-07-25T07:17:16.297347Z"
User_18,"43c26672-6e90-49c7-8ece-62f44f1b71a1","2025-07-25T03:38:25.489266Z"
User_18,"03a559c9-bd54-47c3-946c-072f92b65072","2025-07-25T02:19:41.762530Z"
User_2,"7cf831fd-2b47-437e-a06c-300b5f614bb2","2025-07-25T10:26:16.468203Z"
User_2,bf2843e3-ce99-47d0-954e-ddd557e2a94b,"2025-07-25T10:06:42.619071Z"
User_2,c4711c19-03b2-4c48-95bd-aa473903a7ed,"2025-07-25T10:02:43.496139Z"
User_2,"5181934b-22da-4c3f-8d81-88c669c2db29","2025-07-25T10:00:40.522241Z"
User_2,"7ebbdc2b-f2f9-4524-96e8-324193002bfc","2025-07-25T09:57:54.610153Z"
User_2,"151f5419-3b35-421f-a722-f3eb8867c83e","2025-07-25T09:48:16.057955Z"
User_2,"747804cb-2790-48a1-ae76-9e12635eeca6","2025-07-25T09:47:58.298666Z"
User_2,a1fc3802-c291-4566-966a-7a45d4574f30,"2025-07-25T09:47:39.840142Z"
User_2,"73d74117-ca4a-4069-b681-f384ee7c5747","2025-07-25T09:47:21.336498Z"
User_2,"2fcc947d-76fc-4931-bfac-d67662d2b9b6","2025-07-25T09:46:48.794492Z"
User_2,"73920e97-935b-4f01-a5cc-f2edebc12486","2025-07-25T09:46:31.492732Z"
User_2,"5d3205dc-a722-4231-bdb6-d51de08b9718","2025-07-25T09:46:14.194467Z"
User_2,b3b68de5-042a-4529-a01c-207e816ebd59,"2025-07-25T09:18:13.844085Z"
User_2,"0d4dc293-407c-4158-9a26-c50ff573fbfd","2025-07-25T09:11:17.457734Z"
User_2,db0d96f1-7279-4109-adf7-6f57444c6e7b,"2025-07-25T08:51:39.057580Z"
User_2,cb061ad2-19c3-4ce5-aa9d-a9f3ecf57828,"2025-07-25T08:47:48.966594Z"
User_2,"468906ed-31ba-4c0d-b513-9fa76727892c","2025-07-25T08:44:27.193675Z"
User_2,"70990a87-bbc4-4a50-b375-aed01a0dd59a","2025-07-25T07:34:22.661727Z"
User_20,f26e8b27-71c0-4851-b13d-589ff02c0ba4,"2025-07-25T06:33:02.777604Z"
User_21,"37808651-f3cb-48b4-ad60-2d3c05fbd1bd","2025-07-25T06:28:34.310478Z"
User_21,c7f6a2f7-1b8d-4aef-aea0-b2388a6ebe6f,"2025-07-25T04:57:14.259931Z"
User_21,"03f86137-e0dc-4c79-8fda-b9cb3256a37c","2025-07-25T04:54:09.028554Z"
User_21,"558109f7-29ad-4ed2-9513-3adcf50f5c01","2025-07-25T04:53:15.556905Z"
User_22,cf8e6134-5185-4e9b-9a66-91e10274cafb,"2025-07-25T05:09:29.083959Z"
User_22,"6a46069b-b3d1-464d-b785-f0f78cc2fcb7","2025-07-25T05:05:19.122553Z"
User_22,b2544357-24f6-41bc-9bec-53c592931b4e,"2025-07-25T03:47:08.756932Z"
User_22,"3b0cfc2d-c981-42c6-8201-4a25ccf5dfb2","2025-07-25T02:58:10.709494Z"
User_25,"0fbc1fe9-9272-4533-95e8-f76be0ebd2fa","2025-07-25T01:43:30.924238Z"
User_26,"5dc110fa-ad87-4cb2-af7d-f992aeb9deb7","2025-07-25T02:52:16.058393Z"
User_27,"176d4b18-82bf-48f3-a93d-cf63344d1b34","2025-07-25T02:56:19.237534Z"
User_28,"7fd92236-bfe6-44d2-9e72-e3d1794fd546","2025-07-25T03:37:51.987054Z"
User_28,dd76fd25-4465-406c-8774-d1de42efb5eb,"2025-07-25T03:00:00.301526Z"
User_3,"197d2f41-7469-4731-94c2-8df1399f5f34","2025-07-25T09:47:45.573025Z"
User_3,c29a099b-c3bb-4912-9ff8-ae774c6c0b61,"2025-07-25T08:52:50.972431Z"
User_4,"4050408d-1f67-4f16-b8c7-3aa9f78f7faa","2025-07-25T11:01:15.989251Z"
User_4,"2f8ec750-4963-4924-8260-794bd44ef9a3","2025-07-25T10:44:18.115469Z"
User_4,"905cf040-61ec-4038-a5d2-17ae044b991f","2025-07-25T10:09:07.024826Z"
User_4,"575b5fac-6a17-46d6-9ecd-8ab8503f0233","2025-07-25T09:56:49.849982Z"
User_4,"8ef342a8-9d09-44e1-9b33-9d55152bb90c","2025-07-25T09:47:20.441464Z"
User_5,d74a398c-5907-4403-a261-b4cb46ccc592,"2025-07-25T10:08:38.390107Z"
User_5,ac6d4c49-22c6-408a-9ba0-4915a132ca4f,"2025-07-25T10:03:33.109626Z"
User_5,db5d3b4c-b54e-47f3-a8f8-9d98f8657161,"2025-07-25T02:34:44.066660Z"
User_6,"15f38264-503f-4c43-8696-d2cab60c6da2","2025-07-25T10:15:24.581853Z"
User_6,"7e82bab3-07ae-4c50-ba91-3b2cfea20bc1","2025-07-25T09:29:49.486986Z"
User_6,"23892da5-9f6e-43d4-bc4a-79db8ae4ddf6","2025-07-25T09:05:31.717461Z"
User_6,d2e2aba1-0b80-4706-a8f1-c2de3bc5cbe0,"2025-07-25T08:41:46.790069Z"
User_7,"85a4d197-dd12-47d4-b78d-3781186cbcfd","2025-07-25T10:08:59.877147Z"
User_7,"203175df-521c-47f1-93a9-8744c8d6e5cb","2025-07-25T04:08:12.869315Z"
User_7,"60350f5b-70d8-4089-89d4-7f512d1eb444","2025-07-25T02:33:10.357724Z"
User_8,"94426f85-dd29-4a54-93f4-5d2c04cab2d2","2025-07-25T03:24:15.282479Z"
User_9,d312e1b2-7562-4329-a837-f765f2d81fe6,"2025-07-25T08:25:02.618190Z"
