"user_id","thread_id","feedback_id","value","comment","createdAt"
User_11,"25894857-85dc-43c1-a89e-b74905a6f259","00d674a2-c3cf-49bf-a861-ebfda036fd23",1.0,done,2025-07-25 13:30:47.835
User_11,"25894857-85dc-43c1-a89e-b74905a6f259",fe89b981-ee96-4e3d-9bec-061a0587a075,0.0,ถามในหมวดหมู่ แต่ไม่มีคำตอบให้,2025-07-25 13:23:11.897
User_4,"4050408d-1f67-4f16-b8c7-3aa9f78f7faa","35966eba-04cb-46e9-8644-c3bd5d3d40fe",1.0,,2025-07-25 11:02:49.738
User_4,"2f8ec750-4963-4924-8260-794bd44ef9a3","3c6e9f58-7c37-4753-a983-564f86a6e1a2",1.0,ตอบเกินข้อมูลที่ต้องการ เอากระบวนการแก้ไขอื่นมาตอบด้วย,2025-07-25 10:59:44.300
User_4,"2f8ec750-4963-4924-8260-794bd44ef9a3",e6785c6b-1c45-41d6-beb2-36d4f50ac384,1.0,,2025-07-25 10:53:55.318
User_4,"2f8ec750-4963-4924-8260-794bd44ef9a3","3d5003ac-b1b9-49e1-956c-96171abc2ea4",1.0,,2025-07-25 10:52:04.851
User_4,"2f8ec750-4963-4924-8260-794bd44ef9a3","3479f916-fc2a-4ca6-87a7-fa7090e202fb",1.0,,2025-07-25 10:50:12.465
User_2,"7cf831fd-2b47-437e-a06c-300b5f614bb2",b0607eb8-422d-438c-815d-5f3da1ee4233,1.0,,2025-07-25 10:49:56.778
User_2,"7cf831fd-2b47-437e-a06c-300b5f614bb2","05f1b853-0de8-4fbf-ae02-054bc17d0a34",1.0,ตอบถูกแต่ยังไม่ครบถ้วนควรจะมีช่องทางการชำระแบบอื่นๆอีก,2025-07-25 10:48:22.736
User_4,"2f8ec750-4963-4924-8260-794bd44ef9a3","6a8024e9-9fb4-4ab3-a3fb-9c251f91dd1a",1.0,,2025-07-25 10:46:30.447
User_2,"7cf831fd-2b47-437e-a06c-300b5f614bb2","992aa22d-9fa8-4a98-bfe8-09f6c8f26906",0.0,รบกวนเพิ่มการถอยสถานะใบแจ้งหนี้เพิ่มเติม,2025-07-25 10:45:44.187
User_2,"7cf831fd-2b47-437e-a06c-300b5f614bb2",c5bdb76d-1afa-43ac-8a86-938c18993185,0.0,ต้องการขอมูลเพิ่มเติมเกี่ยวกับการ reprint,2025-07-25 10:44:24.940
User_4,"905cf040-61ec-4038-a5d2-17ae044b991f","2a709912-27be-415a-9685-f7b6f00793d1",0.0,ตามที่อยู่เอกสารราชการลูกค้า เช่น บัตรประชาชน ทะเบียนบ้าน,2025-07-25 10:43:23.022
User_4,"905cf040-61ec-4038-a5d2-17ae044b991f","4f29ff26-37a3-40f8-9f32-8324cb4453a7",1.0,ตอบเกินข้อมูลที่ต้องการ เอากระบวนการแก้ไขอื่นมาตอบด้วย,2025-07-25 10:38:56.946
User_4,"905cf040-61ec-4038-a5d2-17ae044b991f",a885d5f7-497b-4376-97a9-6589f98ac0d2,1.0,,2025-07-25 10:31:53.965
User_6,"15f38264-503f-4c43-8696-d2cab60c6da2","037e5541-9884-4bde-8438-4d3561640607",1.0,ตอบคำถามได้ถูกต้อง,2025-07-25 10:31:26.354
User_6,"15f38264-503f-4c43-8696-d2cab60c6da2","753e363a-f868-4b4c-8858-45833e46590b",1.0,คำตอบครบถ้วน,2025-07-25 10:27:40.398
User_4,"905cf040-61ec-4038-a5d2-17ae044b991f","1c9a79bc-0509-46e7-9267-fe987bed8e9c",1.0,,2025-07-25 10:26:17.057
User_6,"15f38264-503f-4c43-8696-d2cab60c6da2","6253c8c1-b037-40a2-aac1-9307f453ee5a",1.0,ตอบคำถามได้ถูกต้อง,2025-07-25 10:25:08.237
User_6,"15f38264-503f-4c43-8696-d2cab60c6da2","8bb34e90-099b-4756-8f15-500ecfd578c8",0.0,"คำถามนี้ไม่จำเป็นต้องแยกบุคคลธรรมดา รหือนิติบุคคล และคำตอบอยู่ใน Policy FA-G-17 หน้าที่ 2  ข้อ 11  
 ",2025-07-25 10:23:30.871
User_4,"905cf040-61ec-4038-a5d2-17ae044b991f","8f24f0a5-0890-4da2-86c0-aefb27b749a7",1.0,,2025-07-25 10:23:28.368
User_6,"15f38264-503f-4c43-8696-d2cab60c6da2","1611bc91-7576-426d-93f7-efa38015d4d7",0.0,คำตอบอยู่ใน Policy FA-G-17 หน้า 2 ข้อ  6 ,2025-07-25 10:20:55.253
User_4,"905cf040-61ec-4038-a5d2-17ae044b991f","95c74060-60a6-4bac-91df-8cf47eccd6e7",0.0,ไม่มีคำตอบ คำตอบคือ auto approve,2025-07-25 10:20:02.478
User_6,"15f38264-503f-4c43-8696-d2cab60c6da2","614cad31-e407-4534-abb3-acce8468ce6c",0.0,คำตอบอยู่ใน Policy FA-G-17 หน้าที่ 1 ข้อ 4.6,2025-07-25 10:18:43.181
User_4,"905cf040-61ec-4038-a5d2-17ae044b991f",e30fd121-fd7e-466e-9455-f8ad475b1da5,1.0,เพิ่มรายละเอียดสายอนุมัติ และเอกสารที่ต้องใช้ในการขอปลดระงับ,2025-07-25 10:18:33.585
User_7,"85a4d197-dd12-47d4-b78d-3781186cbcfd","7fcf5179-045a-4b21-9a1c-9bd92bd46fc4",1.0,ถูกต้องครับ,2025-07-25 10:15:15.216
User_4,"905cf040-61ec-4038-a5d2-17ae044b991f","20908d6a-b5f6-47a8-8f0b-57ca8f13b1a9",1.0,ขาดรายละเอียดช่องทาง แมคโคร และโลตัส ว่าเป็นใคร,2025-07-25 10:14:21.018
User_4,"8ef342a8-9d09-44e1-9b33-9d55152bb90c",cca9b42e-37f4-42cc-bf86-78d5a9260655,1.0,"คำตอบตาม policy แต่อยากให้เพิ่มรายละเอียดแยกลูกค้า แมคโคร โลตัส  ประเภท ลูกค้า POD ,COD ใส่รายละเอียดมาทั้งหมด",2025-07-25 09:47:01.867
User_3,c29a099b-c3bb-4912-9ff8-ae774c6c0b61,"2d6d6719-216f-4591-b2e4-d812aead0050",0.0,ไม่ได้รับคำตอบเรื่องเครดิตเทอม,2025-07-25 09:45:17.859
User_3,c29a099b-c3bb-4912-9ff8-ae774c6c0b61,f454f13a-df40-4fa0-a6a8-6c6fd62641eb,1.0,พอด้คำตอบเรื่องวงเงิน,2025-07-25 09:43:57.886
User_3,c29a099b-c3bb-4912-9ff8-ae774c6c0b61,"0b5c34a5-e987-4419-b807-115f0b029760",0.0,คำตอบไม่ถูกต้อง,2025-07-25 09:38:16.232
User_3,c29a099b-c3bb-4912-9ff8-ae774c6c0b61,a60db4df-f704-48bd-97d2-7e7923c374e1,0.0,ไม่ได้คำตอบ,2025-07-25 09:35:56.203
User_3,c29a099b-c3bb-4912-9ff8-ae774c6c0b61,"1fb82861-8969-48ba-95c2-34b230592a3e",0.0,ไม่ได้คำตอบ,2025-07-25 09:35:52.835
User_3,c29a099b-c3bb-4912-9ff8-ae774c6c0b61,d4fc2a94-dae3-4040-b9dd-f9edab0b8d81,0.0,ตอบม่ตรงคำถาม,2025-07-25 09:33:43.949
User_3,c29a099b-c3bb-4912-9ff8-ae774c6c0b61,"08ad1c04-ca1d-4aef-970b-3a88d299c677",0.0,ตอบไม่ตรง,2025-07-25 09:31:25.193
User_6,"7e82bab3-07ae-4c50-ba91-3b2cfea20bc1","870f4c47-a56a-4c0d-acda-edf590b54ae6",1.0,ตอบตรงคำถาม และครบถ้วนดีมาก,2025-07-25 09:31:08.954
User_3,c29a099b-c3bb-4912-9ff8-ae774c6c0b61,"9db9b27d-5fa4-48ea-8d34-a406911cfe0c",0.0,ไม่ได้คำตอบ,2025-07-25 09:30:08.984
User_3,c29a099b-c3bb-4912-9ff8-ae774c6c0b61,"281e666b-11de-4c01-a878-1f0fe14e9cf4",0.0,ไม่ด้คำตอบ,2025-07-25 09:29:45.401
User_4,"8ef342a8-9d09-44e1-9b33-9d55152bb90c","2a14f2b6-6be2-4185-b7a4-f40769d3bf82",1.0,,2025-07-25 09:28:29.620
User_6,"23892da5-9f6e-43d4-bc4a-79db8ae4ddf6","827a61c6-4b38-4828-9e2c-6db175a59060",0.0,คำตอบอยู่ใน Policy FA-G-17 เอกสารแนบ ข : หลักเกณฑ์การพิจารณา ข้อที่ 3,2025-07-25 09:28:17.506
User_2,b3b68de5-042a-4529-a01c-207e816ebd59,d69df312-ad37-4c77-9eda-b5a3df8c1c84,1.0,,2025-07-25 09:27:18.967
User_3,c29a099b-c3bb-4912-9ff8-ae774c6c0b61,"06a5b965-99ad-4585-970b-f318be9adda0",0.0,ตอบไม่ตรง (ขอเอกสารไม่ได้),2025-07-25 09:27:07.501
User_3,c29a099b-c3bb-4912-9ff8-ae774c6c0b61,"7986da88-4f88-45e3-b46e-16db6a132884",0.0,ตอบไม่ตรงคำถาม ( ขอให้อธิบายเอกสาร),2025-07-25 09:26:48.737
User_3,c29a099b-c3bb-4912-9ff8-ae774c6c0b61,"2c0231c1-6ff3-47e3-afa5-1ab8e2064aa4",1.0,ตอบครบและได้รู้ นโยบายด้วย,2025-07-25 09:26:10.635
User_6,"23892da5-9f6e-43d4-bc4a-79db8ae4ddf6","9578e8a7-0017-408b-aac9-de45871fd6e5",0.0,คำตอบอยู่ใน Policy FA-G-17 เอกสารแนบ ก : เอกสารประกอบ (ต่อ),2025-07-25 09:25:59.989
User_3,c29a099b-c3bb-4912-9ff8-ae774c6c0b61,bb46b717-b74c-486b-8cb0-c5a01630dc6b,0.0,ตอบไม่ตรงคำถาม,2025-07-25 09:25:39.452
User_3,c29a099b-c3bb-4912-9ff8-ae774c6c0b61,"1058f46a-c358-491d-a09a-f54dd36a0440",0.0,ตอบไม่ตรงคำถาม,2025-07-25 09:25:35.156
User_3,c29a099b-c3bb-4912-9ff8-ae774c6c0b61,ef276948-4068-43e5-a1d2-9b6155d6724b,0.0,ตอบไม่ตรงคำถาม,2025-07-25 09:25:30.885
User_3,c29a099b-c3bb-4912-9ff8-ae774c6c0b61,a3b769b6-fff3-4ee5-a8c7-bfb1022b441e,0.0,ตอบไม่ตรงคำถาม,2025-07-25 09:25:13.905
User_3,c29a099b-c3bb-4912-9ff8-ae774c6c0b61,"31f4f2c9-a8d4-4760-80d2-efb6f344e9db",0.0,ไม่ได้คำตอบที่ชัดเจน,2025-07-25 09:24:50.568
User_4,"8ef342a8-9d09-44e1-9b33-9d55152bb90c","6bbad7e8-9431-4a5e-a1c0-b80e2dad0876",1.0,มีอธิบายกระบวนการ แต่ไม่มีขั้นตอนวิธีแก้ไข,2025-07-25 09:23:23.780
User_2,b3b68de5-042a-4529-a01c-207e816ebd59,d6e590c4-08b0-4e35-982a-c4451e976a08,1.0,,2025-07-25 09:23:19.443
User_6,"23892da5-9f6e-43d4-bc4a-79db8ae4ddf6","9655052b-5453-45b8-83a4-d412e3cb0e88",1.0,ตอบคำถามได้ครบถ้วน,2025-07-25 09:22:50.867
User_4,"8ef342a8-9d09-44e1-9b33-9d55152bb90c","0b3e0fb0-4897-480e-b46d-85f211a2a498",1.0,มีอธิบายกระบวนการ แต่ไม่มีขั้นตอนวิธีแก้ไข,2025-07-25 09:21:35.124
User_2,b3b68de5-042a-4529-a01c-207e816ebd59,e6776e45-9d8d-4067-bcb4-2347cbe0b010,0.0,ถูกแต่ยังไม่ครบถ้วน ขาดในส่วนของลูกค้าที่โอนเงินเข้าบัญชีบริษัท,2025-07-25 09:20:32.467
User_6,"23892da5-9f6e-43d4-bc4a-79db8ae4ddf6",da4e5b35-fb2f-4a64-8263-85ff79d0decd,1.0,ตอบคำถามได้ครบถ้วน ตรงประเด็น,2025-07-25 09:18:51.978
User_2,"0d4dc293-407c-4158-9a26-c50ff573fbfd","62d5868b-c6a5-48c5-a672-fc661b1c2fae",1.0,,2025-07-25 09:17:32.064
User_4,"8ef342a8-9d09-44e1-9b33-9d55152bb90c",c9565c39-0930-4b79-9765-c38a98c689c1,1.0,มีอธิบายกระบวนการ แต่ไม่มีขั้นตอนวิธีแก้ไข,2025-07-25 09:16:14.069
User_2,"0d4dc293-407c-4158-9a26-c50ff573fbfd","5a93b66c-f436-418e-9042-5f8d54baa6b3",0.0,ขอคู่มือให้ด้วย,2025-07-25 09:13:49.409
User_2,"0d4dc293-407c-4158-9a26-c50ff573fbfd","2065920a-bf25-4874-9d29-9b6be80f4d03",1.0,,2025-07-25 09:12:14.639
User_4,"8ef342a8-9d09-44e1-9b33-9d55152bb90c","6d82e646-1ce8-4821-802d-7c9b60c9f2c4",1.0,,2025-07-25 09:09:27.553
User_6,"23892da5-9f6e-43d4-bc4a-79db8ae4ddf6",f6571ff1-bbeb-46b7-841b-316d24ae907a,0.0,"ตอบเกินคำถาม, โดยส่วนตัวคิดว่าควรจะตอบแค่ ผู้จัดการจัดหาผู้เช่าพื้นที่ (Manager – Mall/Leasing) จะต้องดำเนินการตามขั้นตอนเช่นเดียวกับผู้เช่ารายใหม่ โดยพิจารณาเฉพาะสัญญาเช่าประเภท Permanent เท่านั้น ไม่นับรวมกรณีผู้เช่ามีสัญญา Temporary หรือ Food Court ในช่วงเวลาดังกล่าว",2025-07-25 09:07:13.300
User_4,"8ef342a8-9d09-44e1-9b33-9d55152bb90c",dad029bf-9717-4b11-bc01-a02cdaac9547,1.0,ยังตอบไม่ครบ ในส่วนของเอกสารสำหรับราชการยังไม่เฉพาะเจาะจง,2025-07-25 09:07:06.468
User_6,d2e2aba1-0b80-4706-a8f1-c2de3bc5cbe0,"32034a0a-64ee-45b2-9303-368a2b54c437",1.0,ตอบคำถามได้ถูกต้อง แต่คำถามนี้ไม่จำเป็นต้องแบ่งแยก หัวข้อย่อย (ระดับ 2) เนื่องจากปฏิบัติเหมือนกัน,2025-07-25 09:01:34.070
User_2,db0d96f1-7279-4109-adf7-6f57444c6e7b,"26622293-7e6e-4911-8791-d6d5ef3e0c79",1.0,คำตอบ ควรแนะนำขั้นตอนหลังจากเก็บเช็คลูกค้าแล้ว,2025-07-25 09:01:22.781
User_6,d2e2aba1-0b80-4706-a8f1-c2de3bc5cbe0,"8b6184c0-1a51-4be8-b715-c7f5dc242f62",0.0,คำตอบที่ตอบมาถูกต้อง แต่ตอบเกินสิ่งที่ถาม (ควรตอบแค่ข้อ 1-2),2025-07-25 08:58:11.913
User_2,db0d96f1-7279-4109-adf7-6f57444c6e7b,"1063a73b-3c49-4448-afbb-a4bd1a02d67a",1.0,,2025-07-25 08:57:58.642
User_6,d2e2aba1-0b80-4706-a8f1-c2de3bc5cbe0,"8a74dc55-0dc7-45f4-8076-fb853e8ad83b",0.0,ไม่ตอบคำถามที่ถามไป ซึ่งคำถามนี้มีความเกี่ยวข้องกับ Policy คำตอบอยู่ใน FA-G-17 เอกสารแนบ จ.,2025-07-25 08:55:24.353
User_6,d2e2aba1-0b80-4706-a8f1-c2de3bc5cbe0,"9d26eb10-7216-418c-8e8e-08a94d01923c",1.0,ตอบตรงคำถาม,2025-07-25 08:54:17.706
User_2,cb061ad2-19c3-4ce5-aa9d-a9f3ecf57828,"786f4deb-7d11-4983-9ec3-626e3a838810",1.0,,2025-07-25 08:49:15.152
User_14,"2657ad59-bf04-46c9-be39-af5d067778f1","7e96e4cf-b052-4804-99f7-f6649464e7d9",0.0,ไม่สามารถถามต่อในเรื่องที่เกี่ยวข้องกันได้,2025-07-25 08:47:41.692
User_9,d312e1b2-7562-4329-a837-f765f2d81fe6,a72f61a7-3c16-456b-9041-fdd55897f716,0.0,ระบบควรตอบได้เลย เพราะ # คำถาม - คำตอบ ค่อนข้างชัดเจนและอยู่ในBU ลูกค้าผู้เช่าพื้นที่ (Mall / Tenant,2025-07-25 08:29:19.638
User_8,"94426f85-dd29-4a54-93f4-5d2c04cab2d2",b805032e-b4c5-4429-a32a-8178095c3518,0.0,ระบบตอบผิด คำถามตรงกับในPolicy แต่บอทตอบผิดไม่ตรงกับคำถามเลย,2025-07-25 08:27:33.978
User_10,"51f6550f-dfbd-4c9c-b41c-4f2048a3b448","6ed1d76b-5748-4230-b508-2a07aa201c6d",0.0,เลือกหัวข้อตามที่ให้เลือก เลือกแล้วแต่ไม่ตอบ ตอบสิ่งที่ไม่ใช่มาแทน,2025-07-25 08:27:01.200
User_16,dffc6083-407a-45fd-8174-ff5b4eb09cd7,"2f513d99-28fd-45f1-8464-5840599c3dc9",0.0,คำตอบไม่ตรงคำถาม  และข้อความที่ตอบ มีข้อความเยอะเกินไป,2025-07-25 08:26:49.013
User_16,dffc6083-407a-45fd-8174-ff5b4eb09cd7,ad883978-ef12-469d-865f-2b2af78c9f02,0.0,รูปแบบการถาม  ต้องเริ่มต้นจากหัวข้อหลักเสมอ   ไม่สามารถสอบถามได้ต่อเนื่อง   น่าจะสามารถพิม ข้อความที่ต้องการถาม และ bot  ไปจับ ข้อมูลเพื่อแสดงคำตอบได้เลย เพื่อให้ได้คำตอบที่รวดเร็ว,2025-07-25 08:20:20.323
User_16,dffc6083-407a-45fd-8174-ff5b4eb09cd7,"6f995fbe-9694-490e-81ca-1da590047ed4",0.0,ไม่พบคำตอบ   และไม่มีคำแนะนำว่าต้องทำอย่างไรต่อเพื่อให้ได้คำตอบ,2025-07-25 08:13:21.811
User_10,c6f9e205-cb0d-44e0-941b-f6371c6e534f,"16aa95ff-e302-4432-ac50-32e61dcf4af2",0.0,ถามคำถามต่อเนื่องไม่ได้เลย ตอบซ้ำอันแรกตลอด ,2025-07-25 08:13:15.045
User_10,c6f9e205-cb0d-44e0-941b-f6371c6e534f,"8206f40a-2903-4814-868e-d9290bbf2581",1.0,ถูกต้อง,2025-07-25 08:10:57.370
User_5,ac6d4c49-22c6-408a-9ba0-4915a132ca4f,"40cbc981-be45-40e6-84fd-dd6b15fe55ca",1.0,ตอบได้,2025-07-25 08:02:06.721
User_10,"84ab0db4-9a84-41d4-90cd-5db9d1dec6fe","85b3532e-e8bc-4d56-b744-9fe479c1d730",0.0,ถามคำถามต่อเนื่องจากอันเดิม แต่ตอบซ้ำคำถามแรก ไม่ได้ข้อมูลอะไรเพิ่มเลย,2025-07-25 07:56:33.580
User_10,"84ab0db4-9a84-41d4-90cd-5db9d1dec6fe",af85c447-3e13-4355-836b-c01cdee031dd,0.0,รายการที่ให้เลือกไม่มีเกี่ยวข้อง ทั้งที่คำตอบอยู่ใน FAQ,2025-07-25 07:53:02.497
User_5,ac6d4c49-22c6-408a-9ba0-4915a132ca4f,d88660e8-5dfd-4168-a006-09c419cd67d8,0.0,ตอบไม่ได้,2025-07-25 07:50:32.945
User_5,ac6d4c49-22c6-408a-9ba0-4915a132ca4f,"770e47bc-65b6-4ae8-afe4-50b658063e2a",0.0,"ตอบไม่ได้
",2025-07-25 07:48:12.968
User_8,"94426f85-dd29-4a54-93f4-5d2c04cab2d2","0d911c4a-5591-40c5-b0fb-4fda1ea534f1",0.0,"DISLIKE เพราะคำถามตรงกับpolicy แต่บอทให้เลือกระดับ1  ซึ่งหัวข้อที่มีให้เลือกก็ไม่ตรงกับคำถามเลย
",2025-07-25 07:47:45.972
User_5,ac6d4c49-22c6-408a-9ba0-4915a132ca4f,"09aebfac-5cb9-4ba7-aea8-85d4f0c2af2b",0.0,ตอบย้อนคำถาม ทั้งที่มีการถามคำถามใหม่ไปแล้วแต่ยังตอบคำถามเดิมก่อนหน้านี้ที่ตอบไม่ได้,2025-07-25 07:46:53.038
User_20,f26e8b27-71c0-4851-b13d-589ff02c0ba4,f101ab56-718c-4ee9-bc10-bf74493af83d,0.0,อยากให้ มีการทักทายกับ user,2025-07-25 07:37:33.719
User_20,f26e8b27-71c0-4851-b13d-589ff02c0ba4,"1b5ff497-50e7-4bf0-a523-1480bb6ab192",0.0,ตอบผิด ควรจะแนะนำแนวทาง user,2025-07-25 07:36:45.788
User_2,"70990a87-bbc4-4a50-b375-aed01a0dd59a",c1e3865a-4007-4ad0-9392-5a82c12e7b37,1.0,,2025-07-25 07:35:45.311
User_18,edd28059-dd0a-4889-b292-470e4ca5e2b3,"3ecf25dd-4b94-41f1-afad-48d39e3b5ffb",0.0,คำถามการเบิกค่าเดินทาง  ตั้งแต่ข้อ1 -5  คำตอบซ้ำกันค่ะ,2025-07-25 07:29:27.249
User_10,a7148001-5f62-4d7e-ad28-45c3a61e7f6b,"3d971757-ae25-47a5-995b-2b5aab9a528a",0.0,ควรต้องบอก user ว่าให้พิมตัวเลขข้อ ที่จะเลือก หรือไม่ก็ต้องให้ bot จำคำที่พิมได้ว่าเลือกข้อไหน บางคนไม่รู้ว่าต้องพิมตัวเลข,2025-07-25 07:28:06.651
User_5,ac6d4c49-22c6-408a-9ba0-4915a132ca4f,"42e83fe7-11d8-451d-a235-50ac87034c94",0.0,ตอบไม่ได้,2025-07-25 07:27:34.271
User_10,cc690519-724e-4112-a951-984be2189bf6,"2a104a87-64c0-4b44-aa30-22d6a946ba21",0.0,ตอบไม่ตรงคำถาม ,2025-07-25 07:24:57.044
User_10,cc690519-724e-4112-a951-984be2189bf6,"41561e69-59a4-4425-a376-c4bf90070c6a",1.0,ตอบตรง,2025-07-25 07:23:52.810
User_10,cc690519-724e-4112-a951-984be2189bf6,bfacd92b-58db-48ac-8d3d-8ce517c80515,0.0,ให้ข้อมูลเยอะเกินไป อ่านแล้วไม่เข้าใจ,2025-07-25 07:22:53.365
User_5,ac6d4c49-22c6-408a-9ba0-4915a132ca4f,c7c92356-182d-4375-aede-4973643c4317,0.0,ตอบไม่ตรงคำถาม,2025-07-25 07:22:35.748
User_10,"5301f099-ca3d-434e-9708-6715d4b299c5",d3c60b99-6446-44bf-ac9d-7ea8bb00e204,0.0,ตอบไม่ได้ ทั้งที่มีคำตอบอยู่ใน FAQ ,2025-07-25 07:19:02.025
User_5,ac6d4c49-22c6-408a-9ba0-4915a132ca4f,"10d460d4-e59a-4184-9932-1afa9781f6f1",0.0,ตอบไม่ได้,2025-07-25 07:18:59.306
User_18,edd28059-dd0a-4889-b292-470e4ca5e2b3,cbf785b1-cee7-4684-bdaf-b144a56eb07f,0.0,"ค่าใช้จ่ายที่เกิดจากการเดินทาง  ข้อ1  ไม่น่าจะต้องมี ข้อความนี้นะคะ ""ในกรณีที่มีการเบิกเงินทดรองจ่าย และมีส่วนของเงินทดรองจ่ายที่เกินจากค่าใช้จ่ายที่เกิดจริง พนักงานต้องคืนเงินทดรองจ่ายส่วนที่เกินนั้นเต็มจำนวนโดยนำเงินเข้าบัญชีธนาคารของบริษัท""",2025-07-25 07:17:58.147
User_14,b05d1be8-a29e-4433-a61a-eebfd3e3b550,"2e9d112b-3ba3-4e9c-ac5f-f78b61289096",0.0,,2025-07-25 07:17:35.710
User_14,b05d1be8-a29e-4433-a61a-eebfd3e3b550,b6ec9b1f-d288-4512-afcb-90a0903df98b,0.0,,2025-07-25 07:17:31.832
User_14,b05d1be8-a29e-4433-a61a-eebfd3e3b550,"077abef9-81e9-4a8b-9b48-69954d4b6e34",0.0,,2025-07-25 07:17:17.665
User_14,b05d1be8-a29e-4433-a61a-eebfd3e3b550,"9380a7ec-0f48-47e3-a937-0f3034f65881",0.0,,2025-07-25 07:17:13.030
User_14,b05d1be8-a29e-4433-a61a-eebfd3e3b550,"20b295ae-ccfb-4956-ad98-0a7a2f28192e",0.0,,2025-07-25 07:17:12.957
User_14,b05d1be8-a29e-4433-a61a-eebfd3e3b550,d1eb50c0-baf4-4421-a548-d51b09dfb897,0.0,ไม่มีคำตอบ,2025-07-25 07:17:12.956
User_14,b05d1be8-a29e-4433-a61a-eebfd3e3b550,"88154b18-69ae-44da-b4a1-f7000a66b509",0.0,ไม่มีคำตอบ,2025-07-25 07:16:47.278
User_14,b05d1be8-a29e-4433-a61a-eebfd3e3b550,"21def863-ed46-44e5-9a9c-ee867d010ee6",0.0,ไม่มีคำตอบ,2025-07-25 07:16:31.089
User_14,"0ac19aef-6807-4cc7-a7fc-9e698c7d5773",bcbd0b29-1de6-4277-8da3-7a36f8fabaf0,0.0,คำถามคล้ายกับที่เสนอมาก่อนหน้านี้ แต่ไม่มีคำตอบให้,2025-07-25 07:15:28.647
User_14,"0ac19aef-6807-4cc7-a7fc-9e698c7d5773",da3ea927-f846-406f-8654-b3295f0bae0a,0.0,คล้ายคำถามด้านบน แต่ไม่เจอคำตอบ,2025-07-25 07:14:49.537
User_5,ac6d4c49-22c6-408a-9ba0-4915a132ca4f,"31ebaf13-88d0-47c5-a92f-68460a21166a",0.0,ตอบไม่ได้,2025-07-25 07:14:27.267
User_5,ac6d4c49-22c6-408a-9ba0-4915a132ca4f,"15cced27-e57a-4dcb-8616-7c11f5d76886",0.0,ตอบไม่ได้,2025-07-25 07:12:42.759
User_20,f26e8b27-71c0-4851-b13d-589ff02c0ba4,"5e03f55a-eb27-46c0-9d50-57a5ab515a94",0.0,ไม่ได้ ต้องรู้จัก Landlord ว่าคือ เช่าพื้นที่,2025-07-25 07:12:18.539
User_5,ac6d4c49-22c6-408a-9ba0-4915a132ca4f,"6ed4cc5e-b1ff-4fe7-be6d-d92fd9d4afea",1.0,ตอบได้ถูกต้อง,2025-07-25 07:11:13.627
User_5,ac6d4c49-22c6-408a-9ba0-4915a132ca4f,debe4569-ef59-4f59-9bac-969c3d22d4f0,1.0,ตอบได้,2025-07-25 07:10:42.344
User_14,"0ac19aef-6807-4cc7-a7fc-9e698c7d5773","3459c74d-d5d4-4772-bec8-2e912f810d5f",0.0,,2025-07-25 07:10:06.405
User_14,"0ac19aef-6807-4cc7-a7fc-9e698c7d5773","1a5b88c2-5c01-4881-aaf7-acb4a6a67a19",0.0,คำตอบไม่ตรงกับคำถาม,2025-07-25 07:07:17.373
User_14,"3804af0e-1687-480a-b150-b0bf78b1075a",b01735f7-19d0-4c04-afaa-3c8741676c54,0.0,ค้าง ไม่สามารถเลือกต่อได้,2025-07-25 07:06:01.770
User_14,b2f2a4eb-2cf2-4ba0-bc03-8fd44a74dc9e,"927dd548-3a6f-464e-93c2-49030c2eeea1",0.0,ค้างไม่สามารถเลือกต่อได้,2025-07-25 07:05:25.548
User_13,b186f4c5-97b1-4fa8-a705-3ff53630a2fa,a0de3d07-2d10-4f44-abaa-9c49d843724d,0.0,คำถามเกี่ยวข้องโดยตรงกับอำนาจอนุมัติค่ะ แต่อาจจะขาด keyword บางอย่างรึเปล่าเลยตอบแบบนั้น,2025-07-25 07:05:23.190
User_5,ac6d4c49-22c6-408a-9ba0-4915a132ca4f,d3ebaac5-0d77-4017-b863-af3a943a989a,0.0,ไม่สามารถตอบคำถามได้,2025-07-25 07:05:03.712
User_16,dffc6083-407a-45fd-8174-ff5b4eb09cd7,"298014b9-2c26-40b1-aba3-1411dbb51e7f",0.0,ให้ข้อมูลที่สอบถามไม่ได้   ในส่วนของคำตอบ ควรมี link  ของ flow การอนุมัติ ให้ user เข้าไปดู,2025-07-25 07:03:40.877
User_13,b186f4c5-97b1-4fa8-a705-3ff53630a2fa,"56cdd9e1-a608-4ce9-ba7d-16afa85ec0e9",0.0,อยากให้ช่วยเพิ่มdetail ว่า ต้องทำ business case และขอ approve จากทั้งฝั่ง business และฝั่ง Finance ต้อง co sign ด้วยค่ะ,2025-07-25 07:03:12.597
User_8,"94426f85-dd29-4a54-93f4-5d2c04cab2d2","9f2c299e-604a-41e0-bb3f-b2ea1a11a20c",0.0,"Dislike เพราะ คำถามชัดเจนตรงกับในpolicy แต่บอทให้เลือกระดับ 1  และหัวข้อที่ให้เลือก ไม่ตรงกับคำถามเลย
",2025-07-25 06:56:24.332
User_8,"94426f85-dd29-4a54-93f4-5d2c04cab2d2","0b970c65-e62a-4e05-aa6e-cf6cd95e991e",0.0,"Dislike เพราะ คำถามค่อนข้างตรงกับในpolicy แต่ระบบแจ้งว่า ไม่เกี่ยวข้อง 
",2025-07-25 06:42:28.624
User_21,"37808651-f3cb-48b4-ad60-2d3c05fbd1bd","00fd06e8-1b48-4ddc-a405-282adb57ef66",0.0,ระบบพอทดลองใช้จริงไม่ได้เหมือนใช้งาน AI ในการตอบคำถาม เป็นเพียงแค่ระบบตอบอัตโนมัติ ใช้งานจริงไม่ได้เลยครับ,2025-07-25 06:41:38.818
User_8,"94426f85-dd29-4a54-93f4-5d2c04cab2d2","9cc818b6-1dd5-4cbc-bf04-dad16abe50ca",0.0,"Dislike   บอทตอบผิด มีอยู่ในpoliy  แต่บอทแจ้งว่า ไม่เกี่ยวข้อง
",2025-07-25 06:37:12.555
User_20,f26e8b27-71c0-4851-b13d-589ff02c0ba4,cde49325-a782-4549-a108-543abab1f6fe,0.0,"มีหลาย BU ให้เลือกเลย เช่น Lotuss,กองทุน,SDS",2025-07-25 06:37:07.666
User_10,"8b99ac11-0dd9-4cd8-a4d3-33dabed37a0d",d1c5df0a-e103-42b9-8ba4-3110132f6587,0.0,ไม่มีคำตอบ ค้างหาย,2025-07-25 06:31:37.583
User_8,"94426f85-dd29-4a54-93f4-5d2c04cab2d2","5db66737-b85a-431c-bd71-335cb507c1ff",1.0,"บอทตอบถูก
",2025-07-25 06:31:27.271
User_10,"8b99ac11-0dd9-4cd8-a4d3-33dabed37a0d","301fb004-70cd-4316-bfe2-2850472eeef1",0.0,อ่านไม่รู้เรื่อง ให้เลือกโดยไม่จำเป็น,2025-07-25 06:29:27.693
User_10,"662ff0d9-a16c-4c16-9389-fc596400bbe1","130f958b-c345-4966-9558-b17436d61ed6",0.0,พเลือกผิดตอนแรก เลือกใหม่ไม่ได้ ต้องทำไงต่อ ไปต่อไม่ได้,2025-07-25 06:25:40.833
User_10,"1e061727-d99a-4042-bff1-815dc17c3277","9e40c001-907a-48ee-88da-eacb57f87511",0.0,แชทตายกลางอากาศ ไปต่อไม่ได้,2025-07-25 06:21:45.665
User_10,"1e061727-d99a-4042-bff1-815dc17c3277","4783f90f-ff86-44e8-b7bc-39cd73370a57",0.0,จะถามต่อเรื่องเดิม แต่ถามต่อไม่ได้ พอถามต่อ ไม่ตอบ ต้องกด 0 กดเริ่มใหม่อีก,2025-07-25 06:19:31.486
User_10,"1e061727-d99a-4042-bff1-815dc17c3277",fe21a208-6f6b-4f48-a58f-0583b341e33b,0.0,ทำไมถึงต้องเลือกอีก ถามว่าอนุมัติโดยใครก็ให้ข้อมูลมาเลย ไม่จำเป็นต้องเลือก,2025-07-25 06:17:13.756
User_8,"94426f85-dd29-4a54-93f4-5d2c04cab2d2",e398c39c-171a-4dfb-b5a5-3d4906e03295,0.0,คำถามค่อนข้างตรง ไม่ควรต้องเลือกระดับ1 ระดับ2อีก และระดับ2 ที่ให้เลือกไม่ตรงกับคำถาม,2025-07-25 06:17:00.877
User_22,cf8e6134-5185-4e9b-9a66-91e10274cafb,bd0e29ba-9a80-4987-9688-09cf0b92d855,1.0,,2025-07-25 06:16:31.559
User_10,"1e061727-d99a-4042-bff1-815dc17c3277","72e4592f-84f0-4b76-a060-bb45e78fd6b3",0.0,ถามต่อเนื่องจากเรื่องเดิมไม่ได้ ต้องคอยกด 0 ถาม DoA และต่อด้วย LOA มันตอบซ้ำ,2025-07-25 06:12:22.417
User_14,"0ac19aef-6807-4cc7-a7fc-9e698c7d5773",e749eb5a-8a27-4a4e-99c0-dd4ba5ea8d36,1.0,,2025-07-25 06:07:39.081
User_14,"0ac19aef-6807-4cc7-a7fc-9e698c7d5773","3a5a0dae-7e5a-4566-9dee-1061aa0b0018",1.0,,2025-07-25 05:57:54.909
User_22,cf8e6134-5185-4e9b-9a66-91e10274cafb,"64de4a59-4cad-4905-b05d-898dea0cc54e",1.0,,2025-07-25 05:47:39.993
User_22,cf8e6134-5185-4e9b-9a66-91e10274cafb,f5712561-2897-4617-967e-8f7e26571a1b,1.0,,2025-07-25 05:43:16.676
User_22,cf8e6134-5185-4e9b-9a66-91e10274cafb,"66ca4d9f-a1c6-4b0e-98d7-834b6c76f1e8",1.0,,2025-07-25 05:41:10.532
User_22,cf8e6134-5185-4e9b-9a66-91e10274cafb,"57df861b-10a7-4acd-9faf-b3cc311cf990",1.0,,2025-07-25 05:38:52.203
User_26,"5dc110fa-ad87-4cb2-af7d-f992aeb9deb7","696c25e4-e912-4d37-aa10-3de534fc95f5",1.0,ถูกต้อง,2025-07-25 04:58:56.601
User_26,"5dc110fa-ad87-4cb2-af7d-f992aeb9deb7",d6b38be1-af12-4f2a-a21f-038a2bd75e23,1.0,ถูกต้อง,2025-07-25 04:56:58.076
User_8,"94426f85-dd29-4a54-93f4-5d2c04cab2d2","73d08bdd-e4a4-4ccc-b64b-32d48de4f67f",1.0,ถูกต้อง,2025-07-25 04:54:59.884
User_26,"5dc110fa-ad87-4cb2-af7d-f992aeb9deb7",fc34b382-952e-4008-a960-6c1d9e5bb78b,1.0,ถูกต้อง,2025-07-25 04:53:37.838
User_26,"5dc110fa-ad87-4cb2-af7d-f992aeb9deb7",b3a62894-c68a-40ae-9e66-983a2ec106c8,1.0,ถูกต้อง,2025-07-25 04:50:44.256
User_8,"94426f85-dd29-4a54-93f4-5d2c04cab2d2","6a2a6989-3196-4832-a509-fce6b4687f76",0.0,D&B report อยู่ในBU:MALL แต่บอทแจ้งว่า ไม่อยู่ในMALL,2025-07-25 04:50:17.039
User_14,"0ac19aef-6807-4cc7-a7fc-9e698c7d5773","6e730ea6-ef4b-447b-8589-9d815be20bd8",1.0,ข้อมูลถูกต้อง,2025-07-25 04:50:00.576
User_26,"5dc110fa-ad87-4cb2-af7d-f992aeb9deb7","5dcda6fc-d76e-4fe9-a392-e54d745313f1",1.0,ถูกต้อง,2025-07-25 04:49:15.023
User_26,"5dc110fa-ad87-4cb2-af7d-f992aeb9deb7","29c6f6f2-e8fb-477b-8a8a-df53059bcf33",1.0,ถูกต้อง,2025-07-25 04:48:23.939
User_26,"5dc110fa-ad87-4cb2-af7d-f992aeb9deb7","4b4f18f8-312f-41ae-91ea-cb2110aaa923",1.0,ถูกต้อง,2025-07-25 04:47:29.946
User_14,"0ac19aef-6807-4cc7-a7fc-9e698c7d5773","9d460bf6-41a4-4f1d-a484-41ee525bec36",0.0,ข้อมูลมาไม่ครบ ... มีแค่ข้อมูลของเทคโนโลยีและโครงการที่เกี่ยวข้องกับศูนย์กระจายสินค้า ไม่มีของส่วนก่อสร้าง หรืออื่นๆที่เกี่ยวข้อง,2025-07-25 04:44:50.828
User_26,"5dc110fa-ad87-4cb2-af7d-f992aeb9deb7",a9cf871f-a10d-4839-bf0a-18888e72ff96,1.0,ถูกต้อง,2025-07-25 04:44:30.753
User_26,"5dc110fa-ad87-4cb2-af7d-f992aeb9deb7",cc51f821-1587-4f93-a16c-722e4c441ccf,1.0,ข้อ 3 ถูกต้อง  แต่ไม่ได้แจ้งคนอนุมัติ BU อื่นไม่ใช่,2025-07-25 04:43:32.113
User_26,"5dc110fa-ad87-4cb2-af7d-f992aeb9deb7",a09de39a-40f9-450b-86bc-7fef4820992c,1.0,ถูกต้อง,2025-07-25 04:38:34.863
User_26,"5dc110fa-ad87-4cb2-af7d-f992aeb9deb7",ce8de60f-7ed4-444d-b5cf-67a0dd200242,1.0,ถูกต้อง,2025-07-25 04:37:08.858
User_8,"94426f85-dd29-4a54-93f4-5d2c04cab2d2",afb8b246-ddf4-427f-9206-63688a4e5b59,0.0,"คำถามมี # ชัดเจน ไม่ควรมีหัวข้อให้เลือกอีก และ หัวข้อที่ให้เลือกก็มีหัวข้อฝั่งค่าใช้จ่ายเข้ามาปน ทั้งที่เลือก BU: ลูกค้าผู้เช่าพื้นที่MALL   แล้ว
",2025-07-25 04:35:46.892
User_26,"5dc110fa-ad87-4cb2-af7d-f992aeb9deb7",ad6a7967-9878-4174-9336-97b8bd342932,1.0,ถูกต้อง,2025-07-25 04:35:34.525
User_26,"5dc110fa-ad87-4cb2-af7d-f992aeb9deb7",f648dd40-05f2-4534-b970-12bda54fad03,0.0,ไม่ถูกต้อง,2025-07-25 04:34:23.298
User_26,"5dc110fa-ad87-4cb2-af7d-f992aeb9deb7",b8fc65da-3de4-4220-9206-77e7bd2eecc1,1.0,ถูกต้อง ข้อมูลออกมาช้ามาก ทำให้เกิดความสับสน ของคำตอบ,2025-07-25 04:31:57.795
User_10,"1e061727-d99a-4042-bff1-815dc17c3277","023efeeb-ea14-4bc5-8e1a-c05f27f23baa",0.0,ถ้าม DoA แต่ตอบ LoA,2025-07-25 04:31:15.174
User_8,"94426f85-dd29-4a54-93f4-5d2c04cab2d2","05351556-c1ad-42c5-9dcb-ea56343282e7",0.0,คำถามมี# ชัดเจน บอทไม่ควรให้เลือกหัวข้ออีก,2025-07-25 04:30:23.345
User_26,"5dc110fa-ad87-4cb2-af7d-f992aeb9deb7",d58fe828-2c8e-4597-942f-5953577a62a6,1.0,ถูกต้อง,2025-07-25 04:25:40.646
User_26,"5dc110fa-ad87-4cb2-af7d-f992aeb9deb7","7e496b6d-81c8-4592-9e27-e2fccf453671",1.0,ถูกต้อง,2025-07-25 04:23:13.807
User_8,"94426f85-dd29-4a54-93f4-5d2c04cab2d2","2985c383-2579-47db-886c-1205225058f8",1.0,ถูกต้องแต่เป็นการให้คำตอบที่ถูกต้องหลังจากตอบรอบแรก(ที่ไม่ถูกต้องแล้ว) ,2025-07-25 04:17:12.167
User_16,dffc6083-407a-45fd-8174-ff5b4eb09cd7,"44da3976-64ac-4766-a457-f93d5a0793b7",0.0,คำตอบไม่ได้แสดงข้อมูลให้เห็นถึงอำนาจอนุมัติของค่าเลี้ยงรับรองแต่ละประเภทการเลี้ยงรับรอง / ยอดเงิน,2025-07-25 04:13:59.667
User_26,"5dc110fa-ad87-4cb2-af7d-f992aeb9deb7","5d55c56f-321e-478b-9b00-b0c499258bad",0.0,ไม่พบคำตอบ,2025-07-25 04:10:22.753
User_18,"43c26672-6e90-49c7-8ece-62f44f1b71a1","0bcab5cd-4c3a-411a-a111-245751b9d3d7",1.0,คำตอบมันคล้ายกันหมดเลยนะคะ  ถ้าถามกรณีเบิกค่าเดินทาง,2025-07-25 04:05:57.981
User_28,"7fd92236-bfe6-44d2-9e72-e3d1794fd546",f1b0430a-2674-4a6f-b171-08f1d56b2a4a,0.0,"ถ้าเราต้องการดูข้อมูลยังไม่ครบถ้วน ยังอยากอ่านหัวข้อหลัก ในข้อ 2 + 3 + 4 +5 ต่อ เราพอจะมีปุ่ม back หรือคำที่ให้เราสามารถย้อนกลับไปเลือกอ่านใน Sub set ของหัวข้อ ""เบิกค่าเดินทาง"" ที่เราเพื่งอ่านข้อ 1 จบไป ได้ไหมนะคะ เพราะระบบจะให้เรากดใหม่ที่ 0 เพื่อมาเลือกตั้งแต่ตั้งต้นอีก ทำให้เราต้องมาพิมพ์เริ่มใหม่ตั้งแต่แรก เพื่อเข้ามาในการหาข้อมูลหัวข้อรองๆลงมาในข้อ 2 3 4 5 แบบว่าต้องการกลับสู่หัวข้อเดิม หรือต้องการออกไปหัวข้อหลักเลย ",2025-07-25 04:03:51.341
User_26,"5dc110fa-ad87-4cb2-af7d-f992aeb9deb7","8e0662a8-01cf-4de6-a09e-fcad5cad48ef",1.0,ถูกต้อง,2025-07-25 04:01:43.881
User_26,"5dc110fa-ad87-4cb2-af7d-f992aeb9deb7","66cce4f6-15ad-45d1-a62b-ba0bd3f9a292",1.0,ถูกต้อง,2025-07-25 04:00:11.658
User_26,"5dc110fa-ad87-4cb2-af7d-f992aeb9deb7","3300185d-0307-46d8-9ca4-389d9365cbfc",1.0,ถูกข้อ 1 ข้อเดี่ยว ที่เหลือเป็นของ BU อื่น,2025-07-25 03:59:29.489
User_16,dffc6083-407a-45fd-8174-ff5b4eb09cd7,add96709-d58a-4afd-8e9a-20532317cf7a,0.0,คำตอบไม่ตรงที่ถาม  ถามเกี่ยวกับระบบที่ใช้ในการเบิกค่าใช้จ่าย  แต่ตอบในส่วนที่เป็นนโยบาย  ,2025-07-25 03:57:58.342
User_16,dffc6083-407a-45fd-8174-ff5b4eb09cd7,"57304270-0329-477e-8be8-bce5e9a4cd51",0.0,คำตอบไม่ตรงกับคำถาม  ควรแยกการเบิกค่าใช้จ่ายพนักงานออกเป็นหัวข้อหลัก  และนำข้อมูลอื่น ๆ ที่เกี่ยวกับการเบิกค่าใช้จ่าย  เช่น แบบฟอร์มการเปิดหน้าบัญชีของพนักงาน รวมอยู่ในหัวข้อหลักนี้   ,2025-07-25 03:55:03.583
User_26,"5dc110fa-ad87-4cb2-af7d-f992aeb9deb7",e3bae276-a019-4312-bc2d-1a2a4453fb5d,0.0,ข้อมูลไม่ถูกต้อง,2025-07-25 03:52:38.868
User_26,"5dc110fa-ad87-4cb2-af7d-f992aeb9deb7","5d1049dc-ba19-4268-af67-0e91baee086c",1.0,ถูกต้อง,2025-07-25 03:51:33.067
User_8,"94426f85-dd29-4a54-93f4-5d2c04cab2d2",b74ee20a-a0e9-4926-94bd-9e5686b2799b,0.0,"ไม่ควรมีข้อให้เลือกแล้ว เพราะ # คำถาม - คำตอบ ค่อนข้างชัดเจน
",2025-07-25 03:50:36.579
User_26,"5dc110fa-ad87-4cb2-af7d-f992aeb9deb7",e5737ecd-fc7f-4f9c-b083-e584ba323165,1.0,ถูกต้อง,2025-07-25 03:49:25.615
User_26,"5dc110fa-ad87-4cb2-af7d-f992aeb9deb7","4b8bd15f-6576-4ba7-9315-56459f9ae9c4",1.0,ถูกต้อง,2025-07-25 03:44:46.391
User_18,"43c26672-6e90-49c7-8ece-62f44f1b71a1",f5f6f859-bc84-4ef9-804f-40a91379bfcd,0.0,ไม่สามารถามคำถามอื่นๆได้,2025-07-25 03:43:23.757
User_28,"7fd92236-bfe6-44d2-9e72-e3d1794fd546","1047d536-8bba-4ec6-93c3-97e1d01b8b99",0.0,"ถ้าเราพิมพ์ 1 อำนาจอนุมัติ / พิมพ์แค่คำว่า ""เดินทาง"" + ""ค่าเดินทาง"" หรือพิมพ์ตกหล่นไม่ครบ อาจจะค้นหาข้อมูลไม่ขึ้นเลย ระบบต้องให้พิมพ์ครบเต็มจำนวน ถ้าเราเสิร์ชคำว่า ""เบิกค่าเดินทาง"" ระบบถึงจะค้นหาแล้วส่งคำตอบมาให้ ระบบสามารถอ่านคำว่า ""ค่าเดินทาง"" ได้เลยตั้งแต่แรกเลยไหมนะคะ หรือจับคำ แล้วส่งข้อมูลมาถามต่อเพิ่มเติมเจาะๆลงไป",2025-07-25 03:42:42.398
User_26,"5dc110fa-ad87-4cb2-af7d-f992aeb9deb7","9244b19d-9584-4745-a462-0616a84ad749",1.0,ถูกต้อง,2025-07-25 03:41:28.248
User_18,"43c26672-6e90-49c7-8ece-62f44f1b71a1","4e0ebea5-17c7-4e16-95b0-63bbe7e807c2",1.0,,2025-07-25 03:40:11.992
User_26,"5dc110fa-ad87-4cb2-af7d-f992aeb9deb7","08ce50a1-e777-4e2c-a37b-0090b3a4b24b",1.0,ถูกต้อง แต่มี BU  อื่นข้อ 4-5 เข้ามาด้วย ,2025-07-25 03:38:48.605
User_8,"94426f85-dd29-4a54-93f4-5d2c04cab2d2",e74ad0b1-23eb-4694-8bb9-df760c8e5849,0.0,มี #  ที่ค่อนข้างตรงกับคำถามอยู่แล้ว   ระบบไม่ควรให้เลือกระดับ 2 อีก ,2025-07-25 03:37:32.194
User_26,"5dc110fa-ad87-4cb2-af7d-f992aeb9deb7","30f23a7f-1e4a-491a-bfcb-abec93f55151",1.0,สอบถามภาษาไทย แต่ bot ไม่สามารถหาข้อมูลได้ นอกจากใช้ภาษาอังกฤษ,2025-07-25 03:36:51.772
User_28,dd76fd25-4465-406c-8774-d1de42efb5eb,"41978616-abbc-4f67-9d2c-dd4295a1f2d6",0.0,"หากพนักงานต้องการเสิร์ชข้อมูล 1 อำนาจอนุมติ / แล้วพิมพ์แค่คำว่า ""ค่าเดินทาง"" ""reimburse"" ระบบไม่สามารถจับได้ เหมือนว่าต้องพิมพ์ให้ถูกต้องทั้งหมด ห้ามตกหล่นตัวอักษร และต้องพิมพ์คำว่า ""เบิกค่าเดินทาง"" ระบบถึงจะขึ้นข้อความ ระบบพอจะจับคำว่า เดินทาง หรือ ค่าเดินทางได้เลยไหมนะคะ ตั้งแต่แรกเลย",2025-07-25 03:35:22.088
User_26,"5dc110fa-ad87-4cb2-af7d-f992aeb9deb7","63ad1fc6-d7bf-4e74-a26f-8a0e86b2e583",1.0,ถูกต้อง แต่การชำระเงินสามารถใช้ธนาคารอื่น นอกจากธนาคารไทยพาณิชย์,2025-07-25 03:30:41.739
User_18,"03a559c9-bd54-47c3-946c-072f92b65072","069ad20e-40c7-42b5-a723-88a73f72ca33",0.0,เหมือนหัวข้อการเบิก คชจ.  มีหัวข้อให้เลือก แต่ทุกหัวข้อจะมีคำตอบเหมือนกันหมดหรือเปล่าคะ  น่าจะแยกคำตอบเป็นข้อๆ ตามสิ่งที่ถาม ,2025-07-25 03:30:09.333
User_16,dffc6083-407a-45fd-8174-ff5b4eb09cd7,"63ea19ad-de9d-4289-a7b1-91064266f582",0.0,ควรแยกหัวข้อของการเบิกค่าใช้จ่าย Reimbursement   ออกมาเป็นหัวข้อหลัก  เนื่องจากพอเรื่องนี้เป็นหัวข้อย่อยต่อจาก 1  พอ อาจทำให้ user  ไม่เข้าใจและไม่รู้ว่าปัญหาที่ต้องการสอบถามต้องทำอย่างไรต่อ,2025-07-25 03:27:47.373
User_26,"5dc110fa-ad87-4cb2-af7d-f992aeb9deb7",c2bebca2-f35f-4d6d-a85f-d6d6d70703df,1.0,คำตอบถูกต้อง ข้อ 4 การชำระเงินสามารถใช้ธนาคารอื่น นอกจากธนาคารไทยพาณิชย์,2025-07-25 03:27:28.535
User_18,"03a559c9-bd54-47c3-946c-072f92b65072","0efe6b6a-4c78-4781-a706-ef5ebaba4e33",1.0,,2025-07-25 03:26:51.445
User_26,"5dc110fa-ad87-4cb2-af7d-f992aeb9deb7",ddd41b2b-3acf-4702-a7bd-4107f69969f2,1.0,ถูกต้อง,2025-07-25 03:26:07.900
User_26,"5dc110fa-ad87-4cb2-af7d-f992aeb9deb7",f33ba9fc-9ecd-436d-9c38-9dc6eb212dc2,1.0,ถูกต้อง,2025-07-25 03:25:10.874
User_26,"5dc110fa-ad87-4cb2-af7d-f992aeb9deb7","382ccd78-e055-4ee8-9e08-33e5594c6ccf",0.0,ไม่ถูกต้อง,2025-07-25 03:24:11.088
User_26,"5dc110fa-ad87-4cb2-af7d-f992aeb9deb7",f634f226-ec80-488d-8a0c-a27d612b3c2a,0.0,ไม่พบข้อมูลในการใช้เอกสารเปิดหน้าบัญชี,2025-07-25 03:22:30.470
User_26,"5dc110fa-ad87-4cb2-af7d-f992aeb9deb7","955a6b35-8a36-4b73-aeff-50a40438f906",1.0,ข้อ 1 ถูกต้อง แต่มีคำตอบของ 2-5 เป็นของ BU อื่น,2025-07-25 03:20:32.771
User_26,"5dc110fa-ad87-4cb2-af7d-f992aeb9deb7",c0c5534e-e116-4b9d-897e-dbe9da2a2a28,1.0,ถูกต้อง,2025-07-25 03:16:37.929
User_26,"5dc110fa-ad87-4cb2-af7d-f992aeb9deb7",a512645a-3795-46f8-9979-fcecae782cb0,1.0,ถูกต้อง,2025-07-25 03:16:17.589
User_26,"5dc110fa-ad87-4cb2-af7d-f992aeb9deb7",b6250e23-9b0c-4735-8738-2979ede8e8d0,1.0,ถูกต้อง,2025-07-25 03:16:01.577
User_28,dd76fd25-4465-406c-8774-d1de42efb5eb,"1b77255a-d884-4c0b-8448-14615703b209",0.0,อยากให้มีหัวข้อ Business Group ของการเบิกค่าใช้จ่ายเดินทางของพนักงานเพิ่มเข้ามา เช่น Reimbursement แล้วค่อยแยกย่อยในเรื่องดีเทลการเบิกต่างๆของหัวข้อ Reimbursement,2025-07-25 03:14:14.567
User_22,"3b0cfc2d-c981-42c6-8201-4a25ccf5dfb2","995bec93-aedd-4f94-9f6c-ace8856c5c90",1.0,,2025-07-25 03:13:36.975
User_7,"60350f5b-70d8-4089-89d4-7f512d1eb444","3670f233-21f5-4a1a-a42e-74e7eb0ecca1",1.0,,2025-07-25 03:12:22.069
User_7,"60350f5b-70d8-4089-89d4-7f512d1eb444","36d353ca-5086-4d9b-93ab-ffcc8793192f",1.0,,2025-07-25 03:11:51.517
User_18,"03a559c9-bd54-47c3-946c-072f92b65072",e970f1a3-c4bd-4f92-acf7-454ea4cbd3e1,0.0,การBidding จริงๆควรอยู่หมวดไหนเหรอคะ  เข้าใจว่าเป็น Procument,2025-07-25 03:11:24.274
User_26,"5dc110fa-ad87-4cb2-af7d-f992aeb9deb7","73d775fa-54e3-4fdd-867b-3162ae9a0d09",1.0,เข้าใจ รายละเอียด การขออนุมัติรายการ ในส่วนของส่วนลด,2025-07-25 03:09:35.675
User_12,"7b9c1233-6d39-4b3e-94b2-d369293339e1","7ef465d2-92c6-4747-a46f-fa97707547c7",0.0,ลองถามเรื่องความหมายของ DOA แต่น้องตอบเรื่อง LOA ตลอดเลยครับ เหมือนยังดึงข้อมูลมาไม่ตรงกับสิ่งที่ถาม,2025-07-25 02:47:52.681
User_18,"03a559c9-bd54-47c3-946c-072f92b65072",f5374d8e-2d29-4359-b6a6-1865a7f9956a,0.0,จาก Policyใหม่ กำหนดจำนวนเงิน 2พันบาทขึ้นไปเป็นกลุ่ม Asset วิทยุสื่อสารเครื่องละประมาณ 5พันบาท จะจัดอยู่ในกลุ่ม asset หรือไม่ /หรือข้อนี้ควรทำยังไงคะ เพื่อให้ bot ดึงข้อมูลได้,2025-07-25 02:36:03.669
admin,"899046cf-29af-4f72-af18-a839d4d3de02",e5a0be99-658e-447d-9322-fbb27d545f8f,1.0,aaa,2025-07-24 18:50:30.897
admin,"40e9fda8-b22f-4926-83d3-844d86aeae2f","68927d17-aace-4033-a8d4-9bbd2872e48f",1.0,bbbb,2025-07-24 18:50:06.658
admin,"17f71818-d3a8-4bea-83b7-6cb3227ae676",c574791d-c71d-48d6-820e-c6d207319ff7,1.0,aaaa,2025-07-24 17:47:31.934
